{
    "EVE Nikke Suit": {
        "Version": "1.30.1707.1",
        "Scene": {
            "Name": true,
            "SupportShaderSelect": true
        },
        "Export Directory": "E:/Актёры/eve-nikki-suit/EVE Nikke Suit",
        "Object": {
            "EVE_Nikke_Suit": {
                "Physics": {
                    "Collision Shapes": {
                        "CC_Base_Hip": {},
                        "CC_Base_Pelvis": {},
                        "CC_Base_L_Thigh": {},
                        "CC_Base_L_Calf": {},
                        "CC_Base_L_Foot": {},
                        "CC_Base_L_ToeBaseShareBone": {},
                        "CC_Base_L_ToeBase": {},
                        "CC_Base_L_PinkyToe1": {},
                        "CC_Base_L_RingToe1": {},
                        "CC_Base_L_MidToe1": {},
                        "CC_Base_L_IndexToe1": {},
                        "CC_Base_L_BigToe1": {},
                        "CC_Base_L_CalfTwist01": {},
                        "CC_Base_L_CalfTwist02": {},
                        "CC_Base_L_KneeShareBone": {},
                        "CC_Base_L_ThighTwist01": {},
                        "CC_Base_L_ThighTwist02": {},
                        "CC_Base_R_Thigh": {},
                        "CC_Base_R_Calf": {},
                        "CC_Base_R_KneeShareBone": {},
                        "CC_Base_R_Foot": {},
                        "CC_Base_R_ToeBase": {},
                        "CC_Base_R_BigToe1": {},
                        "CC_Base_R_PinkyToe1": {},
                        "CC_Base_R_RingToe1": {},
                        "CC_Base_R_IndexToe1": {},
                        "CC_Base_R_MidToe1": {},
                        "CC_Base_R_ToeBaseShareBone": {},
                        "CC_Base_R_CalfTwist01": {},
                        "CC_Base_R_CalfTwist02": {},
                        "CC_Base_R_ThighTwist01": {},
                        "CC_Base_R_ThighTwist02": {},
                        "CC_Base_Waist": {},
                        "CC_Base_Spine01": {},
                        "CC_Base_Spine02": {},
                        "CC_Base_NeckTwist01": {},
                        "CC_Base_NeckTwist02": {},
                        "CC_Base_Head": {},
                        "CC_Base_FacialBone": {},
                        "CC_Base_JawRoot": {},
                        "CC_Base_Tongue01": {},
                        "CC_Base_Tongue02": {},
                        "CC_Base_Tongue03": {},
                        "CC_Base_Teeth02": {},
                        "CC_Base_R_Eye": {},
                        "CC_Base_L_Eye": {},
                        "CC_Base_UpperJaw": {},
                        "CC_Base_Teeth01": {},
                        "CC_Base_L_Clavicle": {},
                        "CC_Base_L_Upperarm": {},
                        "CC_Base_L_Forearm": {},
                        "CC_Base_L_ForearmTwist01": {},
                        "CC_Base_L_ForearmTwist02": {},
                        "CC_Base_L_ElbowShareBone": {},
                        "CC_Base_L_Hand": {},
                        "CC_Base_L_Pinky1": {},
                        "CC_Base_L_Pinky2": {},
                        "CC_Base_L_Pinky3": {},
                        "CC_Base_L_Ring1": {},
                        "CC_Base_L_Ring2": {},
                        "CC_Base_L_Ring3": {},
                        "CC_Base_L_Mid1": {},
                        "CC_Base_L_Mid2": {},
                        "CC_Base_L_Mid3": {},
                        "CC_Base_L_Index1": {},
                        "CC_Base_L_Index2": {},
                        "CC_Base_L_Index3": {},
                        "CC_Base_L_Thumb1": {},
                        "CC_Base_L_Thumb2": {},
                        "CC_Base_L_Thumb3": {},
                        "CC_Base_L_UpperarmTwist01": {},
                        "CC_Base_L_UpperarmTwist02": {},
                        "CC_Base_L_RibsTwist": {},
                        "CC_Base_L_Breast": {},
                        "CC_Base_R_RibsTwist": {},
                        "CC_Base_R_Breast": {},
                        "CC_Base_R_Clavicle": {},
                        "CC_Base_R_Upperarm": {},
                        "CC_Base_R_Forearm": {},
                        "CC_Base_R_ElbowShareBone": {},
                        "CC_Base_R_ForearmTwist01": {},
                        "CC_Base_R_ForearmTwist02": {},
                        "CC_Base_R_Hand": {},
                        "CC_Base_R_Ring1": {},
                        "CC_Base_R_Ring2": {},
                        "CC_Base_R_Ring3": {},
                        "CC_Base_R_Mid1": {},
                        "CC_Base_R_Mid2": {},
                        "CC_Base_R_Mid3": {},
                        "CC_Base_R_Thumb1": {},
                        "CC_Base_R_Thumb2": {},
                        "CC_Base_R_Thumb3": {},
                        "CC_Base_R_Index1": {},
                        "CC_Base_R_Index2": {},
                        "CC_Base_R_Index3": {},
                        "CC_Base_R_Pinky1": {},
                        "CC_Base_R_Pinky2": {},
                        "CC_Base_R_Pinky3": {},
                        "CC_Base_R_UpperarmTwist01": {},
                        "CC_Base_R_UpperarmTwist02": {}
                    }
                },
                "Type": "Avatar",
                "Generation": "AccuRig",
                "ExpressionSet": "4",
                "Expression": {
                    "Brow_Raise_Inner_L": {
                        "Bones": {}
                    },
                    "Brow_Raise_Inner_R": {
                        "Bones": {}
                    },
                    "Brow_Raise_Outer_L": {
                        "Bones": {}
                    },
                    "Brow_Raise_Outer_R": {
                        "Bones": {}
                    },
                    "Brow_Drop_L": {
                        "Bones": {}
                    },
                    "Brow_Drop_R": {
                        "Bones": {}
                    },
                    "Nose_Sneer_L": {
                        "Bones": {}
                    },
                    "Nose_Sneer_R": {
                        "Bones": {}
                    },
                    "Cheek_Raise_L": {
                        "Bones": {}
                    },
                    "Cheek_Raise_R": {
                        "Bones": {}
                    },
                    "Cheek_Puff_L": {
                        "Bones": {}
                    },
                    "Cheek_Puff_R": {
                        "Bones": {}
                    },
                    "Head_Turn_Up": {
                        "Bones": {}
                    },
                    "Head_Turn_Down": {
                        "Bones": {}
                    },
                    "Head_Turn_L": {
                        "Bones": {}
                    },
                    "Head_Turn_R": {
                        "Bones": {}
                    },
                    "Head_Tilt_L": {
                        "Bones": {}
                    },
                    "Head_Tilt_R": {
                        "Bones": {}
                    },
                    "Head_L": {
                        "Bones": {}
                    },
                    "Head_R": {
                        "Bones": {}
                    },
                    "Head_Forward": {
                        "Bones": {}
                    },
                    "Head_Backward": {
                        "Bones": {}
                    },
                    "Jaw_Open": {
                        "Bones": {}
                    },
                    "Jaw_Forward": {
                        "Bones": {}
                    },
                    "Jaw_L": {
                        "Bones": {}
                    },
                    "Jaw_R": {
                        "Bones": {}
                    },
                    "Tongue_Out": {
                        "Bones": {}
                    },
                    "Tongue_Up": {
                        "Bones": {}
                    },
                    "Tongue_Down": {
                        "Bones": {}
                    },
                    "Tongue_Tip_Up": {
                        "Bones": {}
                    },
                    "Tongue_Tip_Down": {
                        "Bones": {}
                    },
                    "Tongue_Narrow": {
                        "Bones": {}
                    },
                    "Tongue_Wide": {
                        "Bones": {}
                    },
                    "Tongue_Roll": {
                        "Bones": {}
                    },
                    "Tongue_L": {
                        "Bones": {}
                    },
                    "Tongue_R": {
                        "Bones": {}
                    },
                    "Tongue_Bulge_L": {
                        "Bones": {}
                    },
                    "Tongue_Bulge_R": {
                        "Bones": {}
                    },
                    "Eye_Blink_L": {
                        "Bones": {}
                    },
                    "Eye_Blink_R": {
                        "Bones": {}
                    },
                    "Eye_Squint_L": {
                        "Bones": {}
                    },
                    "Eye_Squint_R": {
                        "Bones": {}
                    },
                    "Eye_Wide_L": {
                        "Bones": {}
                    },
                    "Eye_Wide_R": {
                        "Bones": {}
                    },
                    "Eye_L_Look_L": {
                        "Bones": {}
                    },
                    "Eye_R_Look_L": {
                        "Bones": {}
                    },
                    "Eye_L_Look_R": {
                        "Bones": {}
                    },
                    "Eye_R_Look_R": {
                        "Bones": {}
                    },
                    "Eye_L_Look_Up": {
                        "Bones": {}
                    },
                    "Eye_R_Look_Up": {
                        "Bones": {}
                    },
                    "Eye_L_Look_Down": {
                        "Bones": {}
                    },
                    "Eye_R_Look_Down": {
                        "Bones": {}
                    },
                    "Mouth_Smile_L": {
                        "Bones": {}
                    },
                    "Mouth_Smile_R": {
                        "Bones": {}
                    },
                    "Mouth_Frown_L": {
                        "Bones": {}
                    },
                    "Mouth_Frown_R": {
                        "Bones": {}
                    },
                    "Mouth_Stretch_L": {
                        "Bones": {}
                    },
                    "Mouth_Stretch_R": {
                        "Bones": {}
                    },
                    "Mouth_Dimple_L": {
                        "Bones": {}
                    },
                    "Mouth_Dimple_R": {
                        "Bones": {}
                    },
                    "Mouth_Press_L": {
                        "Bones": {}
                    },
                    "Mouth_Press_R": {
                        "Bones": {}
                    },
                    "Mouth_Pucker": {
                        "Bones": {}
                    },
                    "Mouth_Funnel": {
                        "Bones": {}
                    },
                    "Mouth_Roll_In_Upper": {
                        "Bones": {}
                    },
                    "Mouth_Roll_In_Lower": {
                        "Bones": {}
                    },
                    "Mouth_L": {
                        "Bones": {}
                    },
                    "Mouth_R": {
                        "Bones": {}
                    },
                    "Mouth_Shrug_Upper": {
                        "Bones": {}
                    },
                    "Mouth_Shrug_Lower": {
                        "Bones": {}
                    },
                    "Mouth_Up_Upper_L": {
                        "Bones": {}
                    },
                    "Mouth_Up_Upper_R": {
                        "Bones": {}
                    },
                    "Mouth_Down_Lower_L": {
                        "Bones": {}
                    },
                    "Mouth_Down_Lower_R": {
                        "Bones": {}
                    },
                    "Mouth_Close": {
                        "Bones": {}
                    }
                },
                "Constraint": {},
                "Meshes": {
                    "Eyes_0": {
                        "SubD Level": 0,
                        "Materials": {
                            "Eyes": {
                                "Material Type": "Pbr",
                                "MultiUV Index": 0,
                                "Two Side": true,
                                "Diffuse Color": [
                                    0.0,
                                    0.0,
                                    0.0
                                ],
                                "Ambient Color": [
                                    12.973402976989746,
                                    12.973402976989746,
                                    12.973402976989746
                                ],
                                "Specular Color": [
                                    0.0,
                                    0.0,
                                    0.0
                                ],
                                "Opacity": 1.0,
                                "Self Illumination": 0.0,
                                "Textures": {
                                    "Metallic": {
                                        "Texture Path": "./textures/EVE Nikke Suit/EVE Nikke Suit/Eyes_0/Eyes/Eyes_metallic.png",
                                        "Strength": 100.0,
                                        "Offset": [
                                            0.0,
                                            0.0
                                        ],
                                        "Tiling": [
                                            1.0,
                                            1.0
                                        ]
                                    },
                                    "Base Color": {
                                        "Texture Path": "Eyes_Diffuse.png",
                                        "Strength": 100.0,
                                        "Offset": [
                                            0.0,
                                            0.0
                                        ],
                                        "Tiling": [
                                            1.0,
                                            1.0
                                        ]
                                    },
                                    "Roughness": {
                                        "Texture Path": "./textures/EVE Nikke Suit/EVE Nikke Suit/Eyes_0/Eyes/Eyes_roughness.png",
                                        "Strength": 100.0,
                                        "Offset": [
                                            0.0,
                                            0.0
                                        ],
                                        "Tiling": [
                                            1.0,
                                            1.0
                                        ]
                                    },
                                    "Opacity": {
                                        "Texture Path": "Eyes_Opacity.png",
                                        "Strength": 100.0,
                                        "Offset": [
                                            0.0,
                                            0.0
                                        ],
                                        "Tiling": [
                                            1.0,
                                            1.0
                                        ]
                                    },
                                    "Normal": {
                                        "Texture Path": "Eyes_Normal.png",
                                        "Strength": 100.0,
                                        "Offset": [
                                            0.0,
                                            0.0
                                        ],
                                        "Tiling": [
                                            1.0,
                                            1.0
                                        ]
                                    },
                                    "AO": {
                                        "Texture Path": "./textures/EVE Nikke Suit/EVE Nikke Suit/Eyes_0/Eyes/Eyes_ao.png",
                                        "Strength": 100.0,
                                        "Offset": [
                                            0.0,
                                            0.0
                                        ],
                                        "Tiling": [
                                            1.0,
                                            1.0
                                        ]
                                    }
                                },
                                "Resource Textures": {}
                            }
                        }
                    },
                    "Hair_Pin_0": {
                        "SubD Level": 0,
                        "Materials": {
                            "Hair_Pin": {
                                "Material Type": "Pbr",
                                "MultiUV Index": 0,
                                "Two Side": true,
                                "Diffuse Color": [
                                    204.0,
                                    204.0,
                                    204.0
                                ],
                                "Ambient Color": [
                                    12.973402976989746,
                                    12.973402976989746,
                                    12.973402976989746
                                ],
                                "Specular Color": [
                                    204.0,
                                    204.0,
                                    204.0
                                ],
                                "Opacity": 1.0,
                                "Self Illumination": 0.0,
                                "Textures": {
                                    "Metallic": {
                                        "Texture Path": "./textures/EVE Nikke Suit/EVE Nikke Suit/Hair_Pin_0/Hair_Pin/Hair_Pin_metallic.png",
                                        "Strength": 100.0,
                                        "Offset": [
                                            0.0,
                                            0.0
                                        ],
                                        "Tiling": [
                                            1.0,
                                            1.0
                                        ]
                                    },
                                    "Base Color": {
                                        "Texture Path": "Hair_Pin_Diffuse.png",
                                        "Strength": 100.0,
                                        "Offset": [
                                            0.0,
                                            0.0
                                        ],
                                        "Tiling": [
                                            1.0,
                                            1.0
                                        ]
                                    },
                                    "Roughness": {
                                        "Texture Path": "./textures/EVE Nikke Suit/EVE Nikke Suit/Hair_Pin_0/Hair_Pin/Hair_Pin_roughness.png",
                                        "Strength": 100.0,
                                        "Offset": [
                                            0.0,
                                            0.0
                                        ],
                                        "Tiling": [
                                            1.0,
                                            1.0
                                        ]
                                    },
                                    "Opacity": {
                                        "Texture Path": "Hair_Pin_Opacity.png",
                                        "Strength": 100.0,
                                        "Offset": [
                                            0.0,
                                            0.0
                                        ],
                                        "Tiling": [
                                            1.0,
                                            1.0
                                        ]
                                    },
                                    "Normal": {
                                        "Texture Path": "Hair_Pin_Normal.png",
                                        "Strength": 0.0,
                                        "Offset": [
                                            0.0,
                                            0.0
                                        ],
                                        "Tiling": [
                                            1.0,
                                            1.0
                                        ]
                                    }
                                },
                                "Resource Textures": {}
                            }
                        }
                    },
                    "Face_0": {
                        "SubD Level": 0,
                        "Materials": {
                            "EVE_Face": {
                                "Material Type": "Pbr",
                                "MultiUV Index": 0,
                                "Two Side": true,
                                "Diffuse Color": [
                                    204.0,
                                    204.0,
                                    204.0
                                ],
                                "Ambient Color": [
                                    12.973402976989746,
                                    12.973402976989746,
                                    12.973402976989746
                                ],
                                "Specular Color": [
                                    204.0,
                                    204.0,
                                    204.0
                                ],
                                "Opacity": 1.0,
                                "Self Illumination": 0.0,
                                "Textures": {
                                    "Metallic": {
                                        "Texture Path": "./textures/EVE Nikke Suit/EVE Nikke Suit/Face_0/EVE_Face/EVE_Face_metallic.png",
                                        "Strength": 100.0,
                                        "Offset": [
                                            0.0,
                                            0.0
                                        ],
                                        "Tiling": [
                                            1.0,
                                            1.0
                                        ]
                                    },
                                    "Base Color": {
                                        "Texture Path": "EVE_Face_Diffuse.png",
                                        "Strength": 100.0,
                                        "Offset": [
                                            0.0,
                                            0.0
                                        ],
                                        "Tiling": [
                                            1.0,
                                            1.0
                                        ]
                                    },
                                    "Roughness": {
                                        "Texture Path": "./textures/EVE Nikke Suit/EVE Nikke Suit/Face_0/EVE_Face/EVE_Face_roughness.png",
                                        "Strength": 100.0,
                                        "Offset": [
                                            0.0,
                                            0.0
                                        ],
                                        "Tiling": [
                                            1.0,
                                            1.0
                                        ]
                                    },
                                    "Opacity": {
                                        "Texture Path": "EVE_Face_Opacity.png",
                                        "Strength": 100.0,
                                        "Offset": [
                                            0.0,
                                            0.0
                                        ],
                                        "Tiling": [
                                            1.0,
                                            1.0
                                        ]
                                    },
                                    "Normal": {
                                        "Texture Path": "EVE_Face_Normal.png",
                                        "Strength": 100.0,
                                        "Offset": [
                                            0.0,
                                            0.0
                                        ],
                                        "Tiling": [
                                            1.0,
                                            1.0
                                        ]
                                    },
                                    "AO": {
                                        "Texture Path": "./textures/EVE Nikke Suit/EVE Nikke Suit/Face_0/EVE_Face/EVE_Face_ao.png",
                                        "Strength": 100.0,
                                        "Offset": [
                                            0.0,
                                            0.0
                                        ],
                                        "Tiling": [
                                            1.0,
                                            1.0
                                        ]
                                    }
                                },
                                "Resource Textures": {}
                            },
                            "EVE_Eyelashes": {
                                "Material Type": "Pbr",
                                "MultiUV Index": 0,
                                "Two Side": true,
                                "Diffuse Color": [
                                    11.0,
                                    11.0,
                                    11.0
                                ],
                                "Ambient Color": [
                                    12.973402976989746,
                                    12.973402976989746,
                                    12.973402976989746
                                ],
                                "Specular Color": [
                                    204.0,
                                    204.0,
                                    204.0
                                ],
                                "Opacity": 1.0,
                                "Self Illumination": 0.0,
                                "Textures": {
                                    "Metallic": {
                                        "Texture Path": "./textures/EVE Nikke Suit/EVE Nikke Suit/Face_0/EVE_Eyelashes/EVE_Eyelashes_metallic.png",
                                        "Strength": 100.0,
                                        "Offset": [
                                            0.0,
                                            0.0
                                        ],
                                        "Tiling": [
                                            1.0,
                                            1.0
                                        ]
                                    },
                                    "Roughness": {
                                        "Texture Path": "./textures/EVE Nikke Suit/EVE Nikke Suit/Face_0/EVE_Eyelashes/EVE_Eyelashes_roughness.png",
                                        "Strength": 100.0,
                                        "Offset": [
                                            0.0,
                                            0.0
                                        ],
                                        "Tiling": [
                                            1.0,
                                            1.0
                                        ]
                                    }
                                },
                                "Resource Textures": {}
                            },
                            "EVE_EyeBrows": {
                                "Material Type": "Pbr",
                                "MultiUV Index": 0,
                                "Two Side": true,
                                "Diffuse Color": [
                                    3.000000238418579,
                                    3.000000238418579,
                                    3.000000238418579
                                ],
                                "Ambient Color": [
                                    12.973402976989746,
                                    12.973402976989746,
                                    12.973402976989746
                                ],
                                "Specular Color": [
                                    204.0,
                                    204.0,
                                    204.0
                                ],
                                "Opacity": 1.0,
                                "Self Illumination": 0.0,
                                "Textures": {
                                    "Metallic": {
                                        "Texture Path": "./textures/EVE Nikke Suit/EVE Nikke Suit/Face_0/EVE_EyeBrows/EVE_EyeBrows_metallic.png",
                                        "Strength": 100.0,
                                        "Offset": [
                                            0.0,
                                            0.0
                                        ],
                                        "Tiling": [
                                            1.0,
                                            1.0
                                        ]
                                    },
                                    "Roughness": {
                                        "Texture Path": "./textures/EVE Nikke Suit/EVE Nikke Suit/Face_0/EVE_EyeBrows/EVE_EyeBrows_roughness.png",
                                        "Strength": 100.0,
                                        "Offset": [
                                            0.0,
                                            0.0
                                        ],
                                        "Tiling": [
                                            1.0,
                                            1.0
                                        ]
                                    }
                                },
                                "Resource Textures": {}
                            },
                            "EVE_Teeth": {
                                "Material Type": "Pbr",
                                "MultiUV Index": 0,
                                "Two Side": true,
                                "Diffuse Color": [
                                    204.0,
                                    204.0,
                                    204.0
                                ],
                                "Ambient Color": [
                                    12.973402976989746,
                                    12.973402976989746,
                                    12.973402976989746
                                ],
                                "Specular Color": [
                                    204.0,
                                    204.0,
                                    204.0
                                ],
                                "Opacity": 1.0,
                                "Self Illumination": 0.0,
                                "Textures": {
                                    "Metallic": {
                                        "Texture Path": "./textures/EVE Nikke Suit/EVE Nikke Suit/Face_0/EVE_Teeth/EVE_Teeth_metallic.png",
                                        "Strength": 100.0,
                                        "Offset": [
                                            0.0,
                                            0.0
                                        ],
                                        "Tiling": [
                                            1.0,
                                            1.0
                                        ]
                                    },
                                    "Base Color": {
                                        "Texture Path": "EVE_Teeth_Diffuse.png",
                                        "Strength": 100.0,
                                        "Offset": [
                                            0.0,
                                            0.0
                                        ],
                                        "Tiling": [
                                            1.0,
                                            1.0
                                        ]
                                    },
                                    "Roughness": {
                                        "Texture Path": "./textures/EVE Nikke Suit/EVE Nikke Suit/Face_0/EVE_Teeth/EVE_Teeth_roughness.png",
                                        "Strength": 100.0,
                                        "Offset": [
                                            0.0,
                                            0.0
                                        ],
                                        "Tiling": [
                                            1.0,
                                            1.0
                                        ]
                                    },
                                    "Normal": {
                                        "Texture Path": "EVE_Teeth_Normal.png",
                                        "Strength": 100.0,
                                        "Offset": [
                                            0.0,
                                            0.0
                                        ],
                                        "Tiling": [
                                            1.0,
                                            1.0
                                        ]
                                    }
                                },
                                "Resource Textures": {}
                            }
                        }
                    },
                    "Long_Ponytail_Hair_0": {
                        "SubD Level": 0,
                        "Materials": {
                            "Long_Ponytail_Hair": {
                                "Material Type": "Pbr",
                                "MultiUV Index": 0,
                                "Two Side": true,
                                "Diffuse Color": [
                                    1.6605600118637086,
                                    0.9376350045204163,
                                    0.0
                                ],
                                "Ambient Color": [
                                    12.973402976989746,
                                    12.973402976989746,
                                    12.973402976989746
                                ],
                                "Specular Color": [
                                    1.6605600118637086,
                                    0.9376350045204163,
                                    0.0
                                ],
                                "Opacity": 1.0,
                                "Self Illumination": 0.0,
                                "Textures": {
                                    "Metallic": {
                                        "Texture Path": "./textures/EVE Nikke Suit/EVE Nikke Suit/Long_Ponytail_Hair_0/Long_Ponytail_Hair/Long_Ponytail_Hair_metallic.png",
                                        "Strength": 100.0,
                                        "Offset": [
                                            0.0,
                                            0.0
                                        ],
                                        "Tiling": [
                                            1.0,
                                            1.0
                                        ]
                                    },
                                    "Roughness": {
                                        "Texture Path": "./textures/EVE Nikke Suit/EVE Nikke Suit/Long_Ponytail_Hair_0/Long_Ponytail_Hair/Long_Ponytail_Hair_roughness.png",
                                        "Strength": 100.0,
                                        "Offset": [
                                            0.0,
                                            0.0
                                        ],
                                        "Tiling": [
                                            1.0,
                                            1.0
                                        ]
                                    }
                                },
                                "Resource Textures": {}
                            }
                        }
                    },
                    "Nikke_Suit_0": {
                        "SubD Level": 0,
                        "Materials": {
                            "Nikke_Decal": {
                                "Material Type": "Pbr",
                                "MultiUV Index": 0,
                                "Two Side": true,
                                "Diffuse Color": [
                                    204.0,
                                    204.0,
                                    204.0
                                ],
                                "Ambient Color": [
                                    12.973402976989746,
                                    12.973402976989746,
                                    12.973402976989746
                                ],
                                "Specular Color": [
                                    204.0,
                                    204.0,
                                    204.0
                                ],
                                "Opacity": 1.0,
                                "Self Illumination": 0.0,
                                "Textures": {
                                    "Metallic": {
                                        "Texture Path": "./textures/EVE Nikke Suit/EVE Nikke Suit/Nikke_Suit_0/Nikke_Decal/Nikke_Decal_metallic.png",
                                        "Strength": 100.0,
                                        "Offset": [
                                            0.0,
                                            0.0
                                        ],
                                        "Tiling": [
                                            1.0,
                                            1.0
                                        ]
                                    },
                                    "Base Color": {
                                        "Texture Path": "Nikke_Decal_Diffuse.png",
                                        "Strength": 100.0,
                                        "Offset": [
                                            0.0,
                                            0.0
                                        ],
                                        "Tiling": [
                                            1.0,
                                            1.0
                                        ]
                                    },
                                    "Roughness": {
                                        "Texture Path": "./textures/EVE Nikke Suit/EVE Nikke Suit/Nikke_Suit_0/Nikke_Decal/Nikke_Decal_roughness.png",
                                        "Strength": 100.0,
                                        "Offset": [
                                            0.0,
                                            0.0
                                        ],
                                        "Tiling": [
                                            1.0,
                                            1.0
                                        ]
                                    },
                                    "Opacity": {
                                        "Texture Path": "Nikke_Decal_Opacity.png",
                                        "Strength": 100.0,
                                        "Offset": [
                                            0.0,
                                            0.0
                                        ],
                                        "Tiling": [
                                            1.0,
                                            1.0
                                        ]
                                    }
                                },
                                "Resource Textures": {}
                            },
                            "Nikke_Suit": {
                                "Material Type": "Pbr",
                                "MultiUV Index": 0,
                                "Two Side": true,
                                "Diffuse Color": [
                                    204.0,
                                    204.0,
                                    204.0
                                ],
                                "Ambient Color": [
                                    12.973402976989746,
                                    12.973402976989746,
                                    12.973402976989746
                                ],
                                "Specular Color": [
                                    204.0,
                                    204.0,
                                    204.0
                                ],
                                "Opacity": 1.0,
                                "Self Illumination": 0.0,
                                "Textures": {
                                    "Metallic": {
                                        "Texture Path": "./textures/EVE Nikke Suit/EVE Nikke Suit/Nikke_Suit_0/Nikke_Suit/Nikke_Suit_metallic.png",
                                        "Strength": 100.0,
                                        "Offset": [
                                            0.0,
                                            0.0
                                        ],
                                        "Tiling": [
                                            1.0,
                                            1.0
                                        ]
                                    },
                                    "Base Color": {
                                        "Texture Path": "Nikke_Suit_Diffuse.png",
                                        "Strength": 100.0,
                                        "Offset": [
                                            0.0,
                                            0.0
                                        ],
                                        "Tiling": [
                                            1.0,
                                            1.0
                                        ]
                                    },
                                    "Roughness": {
                                        "Texture Path": "./textures/EVE Nikke Suit/EVE Nikke Suit/Nikke_Suit_0/Nikke_Suit/Nikke_Suit_roughness.png",
                                        "Strength": 100.0,
                                        "Offset": [
                                            0.0,
                                            0.0
                                        ],
                                        "Tiling": [
                                            1.0,
                                            1.0
                                        ]
                                    },
                                    "Opacity": {
                                        "Texture Path": "Nikke_Suit_Opacity.png",
                                        "Strength": 100.0,
                                        "Offset": [
                                            0.0,
                                            0.0
                                        ],
                                        "Tiling": [
                                            1.0,
                                            1.0
                                        ]
                                    },
                                    "Normal": {
                                        "Texture Path": "Nikke_Suit_Normal.png",
                                        "Strength": 100.0,
                                        "Offset": [
                                            0.0,
                                            0.0
                                        ],
                                        "Tiling": [
                                            1.0,
                                            1.0
                                        ]
                                    },
                                    "AO": {
                                        "Texture Path": "./textures/EVE Nikke Suit/EVE Nikke Suit/Nikke_Suit_0/Nikke_Suit/Nikke_Suit_ao.png",
                                        "Strength": 100.0,
                                        "Offset": [
                                            0.0,
                                            0.0
                                        ],
                                        "Tiling": [
                                            1.0,
                                            1.0
                                        ]
                                    }
                                },
                                "Resource Textures": {}
                            },
                            "Nikke_Jacket": {
                                "Material Type": "Pbr",
                                "MultiUV Index": 0,
                                "Two Side": true,
                                "Diffuse Color": [
                                    204.0,
                                    204.0,
                                    204.0
                                ],
                                "Ambient Color": [
                                    12.973402976989746,
                                    12.973402976989746,
                                    12.973402976989746
                                ],
                                "Specular Color": [
                                    204.0,
                                    204.0,
                                    204.0
                                ],
                                "Opacity": 1.0,
                                "Self Illumination": 0.0,
                                "Textures": {
                                    "Metallic": {
                                        "Texture Path": "./textures/EVE Nikke Suit/EVE Nikke Suit/Nikke_Suit_0/Nikke_Jacket/Nikke_Jacket_metallic.png",
                                        "Strength": 100.0,
                                        "Offset": [
                                            0.0,
                                            0.0
                                        ],
                                        "Tiling": [
                                            1.0,
                                            1.0
                                        ]
                                    },
                                    "Base Color": {
                                        "Texture Path": "Nikke_Jacket_Diffuse.png",
                                        "Strength": 100.0,
                                        "Offset": [
                                            0.0,
                                            0.0
                                        ],
                                        "Tiling": [
                                            1.0,
                                            1.0
                                        ]
                                    },
                                    "Roughness": {
                                        "Texture Path": "./textures/EVE Nikke Suit/EVE Nikke Suit/Nikke_Suit_0/Nikke_Jacket/Nikke_Jacket_roughness.png",
                                        "Strength": 100.0,
                                        "Offset": [
                                            0.0,
                                            0.0
                                        ],
                                        "Tiling": [
                                            1.0,
                                            1.0
                                        ]
                                    },
                                    "Opacity": {
                                        "Texture Path": "Nikke_Jacket_Opacity.png",
                                        "Strength": 100.0,
                                        "Offset": [
                                            0.0,
                                            0.0
                                        ],
                                        "Tiling": [
                                            1.0,
                                            1.0
                                        ]
                                    },
                                    "Normal": {
                                        "Texture Path": "Nikke_Jacket_Normal.png",
                                        "Strength": 100.0,
                                        "Offset": [
                                            0.0,
                                            0.0
                                        ],
                                        "Tiling": [
                                            1.0,
                                            1.0
                                        ]
                                    },
                                    "AO": {
                                        "Texture Path": "./textures/EVE Nikke Suit/EVE Nikke Suit/Nikke_Suit_0/Nikke_Jacket/Nikke_Jacket_ao.png",
                                        "Strength": 100.0,
                                        "Offset": [
                                            0.0,
                                            0.0
                                        ],
                                        "Tiling": [
                                            1.0,
                                            1.0
                                        ]
                                    }
                                },
                                "Resource Textures": {}
                            }
                        }
                    }
                }
            }
        }
    }
}